	0	1	2
latin	0	0	0
année	0	0	1
effrayant	0	0	0
1956	0	0	0
quartier	0	0	0
Bonnard1952	0	0	0
politologue	0	0	0
aria	0	0	0
Companhia	0	0	0
esclavagisme	0	0	0
trait	0	0	0
diriger	0	0	0
expérience	0	0	0
28	0	0	0
1777	0	0	0
nord-est	0	1	0
français	1	0	3
vice-présidente	0	0	0
porter	0	0	0
Portail	0	0	0
thermes	0	0	0
2017.liste	0	0	0
installe	0	0	0
gagne	0	0	0
sentiment	0	0	0
important	0	0	0
étendre	0	0	0
MonsaintLe	0	0	0
consacrer	0	0	0
croyance	0	0	0
reprocher	0	0	0
juif	0	0	0
Mario	0	0	0
Genina	0	0	0
voix	0	0	0
1972	0	0	0
club	0	0	0
Isle	0	0	0
inclure	0	0	0
cancel	0	0	18
pédophilie	0	0	0
.une	0	0	0
controverser	0	0	0
.Le	0	0	1
risquer	0	0	0
non	0	0	0
Hermalle-sous-Argenteau	0	1	0
cancellation	1	0	1
annulation	0	0	5
ban	0	0	0
1935	0	0	0
téléviser	0	0	0
Roseanne	1	0	1
s	0	0	0
individu	0	0	0
vie	0	0	0
Carabella	0	0	0
Aldo	0	0	0
conduite	0	0	0
mentionner	0	0	1
distance	0	3	0
professeur	0	0	0
George	0	0	0
quasi-totalité	0	1	0
1962	0	0	0
.cette	0	0	0
Jean-Éric	0	0	0
vingt-deuxièm	0	0	0
Portuguesa	0	0	0
carte	0	0	0
Lauri	0	0	0
mai	0	0	0
cancelsouthpark	1	0	1
amérique	0	0	0
blasetti1939	0	0	0
The	0	0	0
divergent	0	0	0
indignation	0	0	1
Manhattan	0	0	0
Mattoli	0	0	0
négation	0	0	0
Michel	0	0	0
bianca	0	0	0
succès	0	0	0
Tarakanova	0	0	0
colonisation	0	0	0
BelgiqueOutremeusehttps://www.liege.be/fr/decouvrir/plein-air/au-fil-de-leau/ile-monsinhttps://rycm.be/	0	1	0
contourner	0	0	0
esclavagiste	0	0	0
maese	0	0	0
Giuseppe	0	0	0
1951	0	0	0
étude	0	0	0
11	0	0	0
spectacle	0	0	0
Luis	0	0	0
sociaux,,	0	0	0
physique	0	0	0
Christophe	0	0	0
Laure	1	0	1
marier	0	0	0
actuel	0	0	0
justice	0	0	0
favorita	0	0	0
1991	0	0	0
trouver	0	1	0
xixe	0	0	0
rature	0	0	0
antiraciste	0	0	0
dénonciation	0	0	4
Side	0	0	0
participer	0	0	0
correspondre	0	0	0
ezio	0	0	0
naître	0	0	0
l	0	0	0
nouveau	0	0	0
évolue	0	0	0
Super	0	0	0
rester	0	0	0
48	0	0	0
Monde	0	0	0
Morresi	0	0	0
Poppi	0	0	0
militant	1	0	1
430	0	0	0
RH	0	0	0
Jefferson	0	0	0
Ferida	0	0	0
ennemi	0	0	0
puissant	0	0	0
presse	0	0	0
Street	0	0	0
industriel	0	1	0
1775.on	0	0	0
institution	0	0	0
Ifop	0	0	0
domination	0	0	0
ville	0	3	0
Franco	0	0	0
radar	0	0	0
Carmine	0	0	0
2018	0	0	0
philosophe	1	0	0
Ferrari	0	0	0
super	0	0	0
emploi	1	0	0
di	0	0	0
central	0	0	0
stéréotyper	0	0	0
1934	0	0	0
national	0	0	0
compare	0	0	0
Monsin	0	4	0
Giorgio	0	0	0
comédie	0	0	0
siècle	0	0	0
répertorier	0	0	0
Faust	0	0	0
Houston	0	0	0
100	0	0	0
situe	0	2	0
page	0	1	0
atteindre	0	0	0
politically	0	0	0
Gremese	0	0	0
équivalent	0	0	0
Mansio	0	0	0
Lola	0	0	0
Bizet	0	0	0
raison	0	0	0
sujet	1	0	1
Genina1939	0	0	0
Donizetti	0	0	0
ostracisme	0	0	1
totalement	0	0	0
in	0	0	0
numérique	0	0	1
réaction	0	0	0
degli	0	0	0
Orchard	0	0	0
sens	0	0	0
vol	0	0	0
Jean-Michel	0	0	0
contre	0	0	0
Fieramosca	0	0	0
xiv	1	0	0
effacement	0	0	3
collectif	0	0	0
exister	1	1	2
C.K.	0	0	0
contexte	1	0	0
dictionnaire	0	0	0
juin	0	0	0
Gaetano	0	0	0
créer	0	0	0
appréciation	0	0	0
18–35	0	0	0
supposer	0	0	0
police	0	0	0
croiser	0	0	0
appeler	1	0	3
Gino	0	0	0
Saladino	0	0	0
xx	0	0	0
cour	0	0	0
utilisation	1	0	0
suo	0	0	0
rue	0	2	0
Porrino	0	0	0
lance	0	0	0
79.En	0	0	0
spécialiste	0	0	0
considérer	0	0	0
encontre	1	0	1
représenter	0	0	1
intéresser	0	0	0
présente	0	0	0
percevoir	0	0	1
Amérique	0	0	0
rejoindre	0	1	0
historien	1	0	0
jusque	0	0	0
ancien	0	0	0
traverse	0	0	0
présenter	0	0	0
analyse	1	0	1
1	0	0	0
tir	0	0	0
remonte	1	0	0
Thomas	0	0	0
1944	0	0	0
milieu	2	0	2
23	0	0	0
réellement	0	0	2
South	1	0	1
tribune	0	0	0
identitarisme	0	0	0
moralement	0	0	0
intérieur	0	0	0
chercheur	0	0	0
opinion	0	0	0
général	0	0	0
called	0	0	0
maccarthysme	0	0	0
143	0	0	0
creusement	0	0	0
exemple	1	0	1
recarrosser	0	0	0
diversité	0	0	0
activité	0	0	0
2010	0	0	0
darse	0	1	0
régulièrement	0	0	0
réseau	0	0	0
capable	0	0	0
Pietro	0	0	0
Маргарита	0	0	0
forme	0	0	1
social	0	0	0
harcèlement,	0	0	0
Margarita	0	0	0
principal	1	0	1
document	0	0	0
excès	1	0	1
Ferraris	0	0	0
Nazzari	0	0	0
ministre	0	0	0
bloc	0	0	0
Morrow	0	0	0
mefistofele	0	0	0
envoyer	0	0	0
Castelli	0	0	0
vague	0	0	0
naissance	0	0	0
publiquement	0	0	0
communauté	0	0	0
canceller	0	0	0
mémoire	0	0	0
Kavanaugh	0	0	0
Toyota	0	0	0
pointe	0	2	0
Verde	0	0	0
Poo	0	0	0
Apu	1	0	1
Bulgarie	0	0	0
stéréotype	0	0	0
désigner	1	0	1
cinématographique	0	0	0
Giocondo	0	0	0
superficie	0	1	0
état	0	0	0
sapone	0	0	0
défendre	0	0	0
action	0	0	0
talentueux	0	0	0
femme	0	0	0
usage	0	0	1
controverse	0	0	0
Nathalie	0	0	0
batterie	0	0	0
posséder	0	1	0
canceler	0	0	0
port	0	0	0
éduquer	0	0	0
nommer	1	0	2
quinzaine	0	0	0
cimitero	0	0	0
danseur	0	0	0
inconnu	0	0	0
normatif	0	0	1
Paper	0	0	0
alceste	0	0	0
ensuite	0	0	0
retouche	0	0	0
Blanquer	0	0	0
communément	0	0	0
feroce	0	0	0
consiste	0	0	0
pont	0	1	0
Malasomma	0	0	0
censure	0	0	0
mime	0	0	0
provocateur	1	0	1
but	0	0	0
horace	0	0	0
moteur	0	0	0
unis).pour	0	0	0
capitale.1935	0	0	0
critique	0	0	0
Colston	0	0	0
GERB	0	0	0
lieu	0	0	0
desideri	0	0	0
Laetitia	0	0	0
public	0	0	1
respect	1	0	1
citoyen	0	0	0
banissement	0	0	0
Arrigo	0	0	0
Chappelle	0	0	0
amor	0	0	0
Attilia	0	0	0
auto-justice	0	0	1
Sancho	0	0	0
intolérance	0	0	0
sociologue	0	0	0
Ferdinando	0	0	0
Teatro	0	0	0
Museum	0	0	0
franchir	0	0	0
Bill	0	0	0
Gallone1938	0	0	0
Corrado	0	0	0
m.	0	2	0
venir	0	0	0
2009	0	0	0
belge	0	2	0
chorégraphe1940	0	0	0
concept	2	0	3
signer	1	0	1
2015	1	0	0
Cesare	0	0	0
Guglielmo	0	0	0
lier	1	0	1
donne	0	0	0
dell'	0	0	0
Bonnard1938	0	0	0
inadapté	0	0	0
Minnesota	0	0	0
isoler	0	0	0
mio	0	0	0
appellation	0	0	0
calandre	0	0	0
retablo	0	0	0
Guido	0	0	0
enterrer	0	0	0
politique	0	0	0
Rutledge	1	0	1
Park	1	0	1
véhiculer	0	0	0
appartenir	0	0	0
anéantissement	0	0	0
suscite	0	0	0
palais	0	0	0
dénoncer	1	0	4
Murat	1	0	1
éditorialiste	0	0	0
auberge	0	0	0
Stick	0	0	0
maintenir	0	0	0
292list	0	1	0
priver	0	0	0
humiliation	0	0	0
Chiti	0	0	0
suppression	0	0	0
Micca	0	0	0
Royaume	0	0	0
intérêt	0	0	0
Yacht	0	0	0
Adams	0	0	0
exclure	0	1	0
Soldati1938	0	0	0
ligne	0	1	0
officiel	0	0	0
épisode	0	0	0
redessiner	0	0	0
arrondissement	0	0	0
Amato1938	0	0	0
Errico1938	0	0	0
lettre	2	0	2
parallèle	0	0	0
pançer	0	0	0
Susini	0	0	0
américain	1	0	0
série	1	0	1
soupçonner	0	0	0
acteur	1	0	1
grand	0	0	1
17	0	0	0
mattoli1938	0	0	0
accusé	0	0	0
Brett	0	0	0
Ermanno	0	0	0
1,02	0	1	0
configuration	0	0	0
2008	0	0	0
intellectuel	0	0	1
kilomètre	0	0	0
moyenne	0	0	0
Стефанова	0	0	0
suicide	1	0	1
Balcon	0	0	0
gouvernement	2	0	2
New	0	0	0
membre	0	0	0
développer	0	0	0
catégorie	0	0	0
harcèlement	1	0	1
Problem	0	0	0
dernier	0	0	0
87351	0	0	0
essayiste	0	0	0
ballet	0	0	0
2020	0	0	0
Попова	0	0	0
sud-ouest	0	1	0
595	0	0	0
longueur	0	0	0
Malasomma1937	0	0	0
Harvey	0	0	0
aida	0	0	0
criminologie	0	0	0
Augusto	0	0	0
québécois	0	0	0
affiche	0	0	0
tre	0	0	0
inverse	0	0	0
mazurka	0	0	0
James	0	0	0
Poggioli1937	0	0	0
utiliser	2	0	2
editor	0	0	0
Bréchard	0	0	0
Verdi	0	0	0
1945	0	0	0
el	0	0	0
lanterne	0	0	0
chorégrapheRoberto	0	0	0
président	0	0	0
processus	2	0	1
personnage	0	0	0
permettre	0	0	0
post-scriptum	0	0	0
monde	0	0	0
Finisce	0	0	0
annihiler	0	0	0
liberté	0	0	0
Bolle	0	0	0
Gounod	0	0	0
largeur	0	0	0
moquer	1	0	1
2	0	2	0
Albert	0	1	0
Edward	0	0	0
incanti	0	0	0
orienter	0	0	0
facto	0	0	0
procédure	0	0	0
sud	0	1	0
infinitif	2	0	1
David	1	0	1
violence	0	0	0
512	0	0	0
moyen	1	0	1
up	0	0	0
  	0	0	0
Lancia	0	0	0
déboulonnage	0	0	1
Georges	0	0	0
suite	1	0	0
suprême	0	0	0
inacceptable	0	0	0
heure	0	0	0
relais	0	0	0
bénéficier	0	0	0
afro-américain	0	0	0
Manuel	0	0	0
campagne	2	0	2
site	0	0	0
tourner	0	0	0
cercle	0	0	0
Tiger,	0	0	0
intervention	1	0	1
pratique	1	0	3
arrestation	0	0	0
Boboli	0	0	0
principalement	0	0	0
princesse	0	0	0
Nunzio	0	0	0
bien	0	0	0
Riccardo	0	0	0
Casavola	0	0	0
papa	0	0	0
avatar	0	0	0
25	0	0	0
Spinoza	0	0	0
signifier	0	0	0
expression	0	0	0
muor	0	0	0
parcourir	0	2	0
routier	0	1	0
sempr	0	0	0
groupe	0	0	0
existe	0	0	0
mouvement	0	0	0
destruction	0	0	0
presque	0	0	0
Liège	0	2	0
entité	0	0	0
place	0	0	0
universalisme	0	0	0
69	0	0	0
Rome	0	0	0
badgée	0	0	0
Jachino	0	0	0
pont-barrage	0	0	0
anglo-saxon	0	0	0
autonome	0	1	0
RHN	0	0	0
nord-sud	0	0	0
Vergano	0	0	0
call	0	0	3
devenir	0	0	0
Louis	0	0	0
Bonnard	0	0	0
Ferroni	0	0	0
Florence	0	0	0
susciter	0	0	0
Lee	0	0	0
Nina	0	0	0
1959	0	0	0
boycott	0	0	0
espace	0	0	0
confondre	0	0	1
engendre	1	0	1
situer	0	2	0
Volta	0	0	0
documentaire	0	0	0
mal	1	0	1
Weinstein	0	0	0
Dave	0	0	0
provenir	1	0	1
1954	0	0	0
ferroviaire	0	0	0
production	0	0	0
Jean-François	0	0	0
1994.certaines	0	0	0
Roberto	0	0	0
condamner	0	0	0
Branaa	0	0	0
réalisateur	0	0	0
sondage	0	0	1
accessible	0	1	0
.selon	1	0	1
université	0	0	0
Wolf	0	0	0
Barr	0	0	1
carrosserie	0	0	0
Blanche	0	0	0
plat	0	1	0
dramatique	0	0	1
juillet	0	0	0
Québec	0	0	0
Yannik	0	0	0
153	0	0	0
acte	0	0	0
scène	0	0	0
phénomène	0	0	0
traite	0	0	0
Jupille	0	1	0
donner	0	0	0
italien	0	0	0
Ettore	0	0	0
création	0	0	0
nord	0	0	0
Stefanova	0	0	0
Roberge	1	0	0
opposer	0	0	0
1952	0	0	0
anti-américanisme	0	0	0
côté	0	0	0
qualifier	0	0	0
commerçant	0	0	0
Colomb	0	0	0
1949	0	0	0
Salvatore	0	0	0
ouest	0	0	0
opposition	0	0	0
Delairesse	0	0	0
prendre	0	0	0
occupe	0	1	0
xvii	0	0	0
isbn	0	0	0
mémorial	0	1	0
verger	0	0	0
Michael	0	0	0
comportement	0	0	0
1904	0	0	0
fin	1	0	1
Angleterre	1	0	0
traduire	0	0	0
négatif	0	0	1
nom	0	0	0
substantif	0	0	0
libre	0	0	1
cosi	0	0	0
Falla	0	0	0
noir	0	0	0
Biancoli1938	0	0	0
portail	0	0	0
conte	0	0	0
république	0	0	0
inadmissible	0	0	0
Toyata	0	0	0
substitut	0	0	0
expliquer	0	0	0
source	0	0	1
woke	0	0	0
plume	0	0	0
propos	0	0	0
États-Unis	0	0	1
historique	0	0	0
bandiere	0	0	0
Milsaucy	0	0	0
Barlacchi	0	0	0
Luisa	0	0	0
devoir	0	0	0
1993)Roberto	0	0	0
arme	0	0	0
1953	0	0	0
978	0	0	0
Roma	0	0	0
Gaio»	0	0	0
accusateur	0	0	0
Carlo	0	0	0
détache	0	1	0
2011	0	0	0
halte	0	0	0
mise	0	0	0
artillerie	0	0	0
1947	0	0	0
MeToo	0	0	0
comparaison	0	0	0
nettement	0	0	0
Uni	0	0	0
interpellation	0	0	0
informer	0	0	0
km2	0	1	0
généralise	0	0	0
confirmation	0	0	0
Gerron1937	0	0	0
SF	0	0	0
ier	0	1	0
vitesse	0	0	0
Dessin	0	0	0
parole	0	0	0
simpson	0	0	0
attester	0	0	0
agir	0	0	0
1936	0	0	0
responsable	0	0	0
bianche	0	0	0
présentation	0	1	0
rôle	0	0	0
Stones	0	0	0
jardin	0	0	0
1980	0	0	0
placardent	0	0	0
paraître	0	0	0
partir	0	0	0
Tra	0	0	0
r	0	0	0
poursuivre	0	0	0
socialement	0	0	0
apparenter	0	0	1
voisin	0	0	0
m	0	0	0
boycottage	0	0	0
égard	0	0	0
Blasetti	0	0	0
1930	0	0	0
sensiblement	0	0	0
Celano	0	0	0
développement	0	0	0
distribution	0	0	0
Royal	0	0	0
5	0	0	0
Burr	0	0	0
succéder	0	0	0
Velingrad	0	0	0
bulgare	0	0	0
verbe	2	0	0
Oreste	0	0	0
auprès	0	0	0
histoire	0	0	0
Heinich	0	0	0
tweet	0	0	0
Bonart	0	0	0
légal	0	0	0
dieu	0	0	0
étape	0	0	0
opera	0	0	0
RYCM	0	1	0
Harper'	0	0	0
sexuel	0	0	0
Radice	0	0	0
stand	0	0	0
piconera	0	0	0
bannissement	0	0	1
vandalisme	0	0	0
Allegra	0	0	0
Amedeo	0	0	0
500	0	2	0
personnalité	0	0	1
apparaître	1	0	2
associer	0	0	0
Bailado	0	0	0
Elsdorf	0	0	0
Noris	0	0	0
Carmen	0	0	0
retourne	0	0	0
an	0	0	0
revanche	0	0	0
Caracalla	0	0	0
mort	0	0	0
effacer	0	0	0
généralement	1	0	1
7	0	0	0
pose	0	0	0
calling	0	0	0
écrit	0	0	0
adaptation	0	0	0
avertir	0	0	0
méandre	0	0	0
questionner	0	0	0
Cervi	0	0	0
damer	0	0	0
message	0	0	0
argine	0	0	0
Gallon	0	0	0
meurtre	0	0	0
dirigeant	0	0	0
particulièrement	1	0	1
être	0	0	0
tondo	0	0	0
2012	0	0	0
Pitti	0	0	0
républicain	0	0	0
culturel	0	0	1
Alessandro	0	0	0
Strauch	0	0	0
2007	0	0	0
1939	0	0	0
97	0	0	0
Opera	0	0	0
Fosco	0	0	0
caractéristique	0	0	0
Robert	0	0	0
Flaminio	0	0	0
définitif	0	0	0
île	0	0	0
Madone	0	0	0
Enrique	0	0	0
apparente	0	0	0
Espagne	0	0	0
européen	0	0	0
réel	0	0	0
effet	0	0	1
promotion	0	0	1
bras	0	0	0
mourir	0	0	0
RHK	0	0	0
canal	0	1	0
Marexhe	0	0	0
professionnel	0	0	0
Giachetti	0	0	0
partie	0	0	0
vue	0	0	0
tuer	0	0	0
stupida	0	0	0
propre	2	0	2
travailler	0	0	0
Mike	0	0	0
justifiée	0	0	0
auparavant	0	1	0
York	0	0	0
travaille	0	0	0
décrire	2	0	1
Minneapolis	0	0	0
animation	0	0	0
injustice	0	0	0
musée	0	0	0
audition	0	0	0
chorégraphe	0	0	0
jouer	0	0	0
cas	1	0	1
trouve	0	0	0
 	0	0	0
secondaire	0	0	0
neutraliser	0	0	0
classe	0	0	0
arrive	0	0	0
lacération	0	0	0
terme	2	0	2
revisiter	0	0	0
interroger	0	0	0
débat	1	0	1
saison	0	0	0
p.	0	0	0
objet	0	0	0
estimer	0	0	0
société	0	0	0
détracteur	0	0	0
amstellodamois	0	0	0
Boito	0	0	0
joyau	0	0	0
culture	18	0	0
estime	1	0	1
with	1	0	0
France	1	0	0
annuler	2	0	2
aime	0	0	0
Vergano1938	0	0	0
américanisation	0	0	0
critiquer	1	0	1
routière	0	0	0
correct	0	0	0
partager	0	0	0
You	0	0	0
controverse,,,	0	0	0
Enrico	0	0	0
ch	0	0	0
mario	0	0	0
Popova	0	0	0
artiste	0	0	1
out	0	0	3
no	0	0	0
1938.En	0	0	0
juge	0	0	0
rejeter	0	0	0
Kurt	0	0	0
passé	0	0	0
Mattoli1936	0	0	0
Charles	0	0	0
East	0	0	0
1940	0	0	0
unique	0	0	0
absolu	0	0	0
anglais	4	0	3
d	0	0	0
éditer	0	0	0
continuer	0	0	0
idée	0	0	0
film	0	0	0
Toyopet	0	0	0
Love	0	0	0
média	0	0	0
juger	0	0	0
obstacle	0	0	1
2021	0	0	0
éducation	0	0	0
confédéré	0	0	0
motif	0	0	0
neige	0	0	0
Mingarro	0	0	0
valeur	1	0	1
Lucia	0	0	0
fan	0	0	0
offensant	0	0	0
opéra	0	0	0
croix	0	0	0
immigrant	0	0	0
livre	0	0	0
sévir	0	0	0
voie	0	0	0
far	0	0	0
Assia	0	0	0
Lower	0	0	0
statue	0	0	0
manifestation	0	0	1
vif	0	0	0
nature	0	0	0
division	0	0	0
Meuse	0	1	0
réaliser	0	0	0
15	0	0	0
ostracisation	0	0	0
Delancey	0	0	0
Pedro	0	0	0
e	0	0	0
Tenement	0	0	0
cinéma	0	0	0
particulier	0	0	0
souligner	0	0	0
auteur	0	0	0
tolérance	0	0	1
chorégraphe1952	0	0	0
expulser	0	0	0
novembre	0	0	0
Floyd	0	0	0
consister	0	0	0
contrebatterie	0	0	0
circulation	0	0	1
lynchage	0	0	0
date	0	0	0
fait	0	0	0
1,19	0	0	0
Zandonai	0	0	0
Ennio	0	0	0
cyberharcèlement	0	0	0
politiquement	0	0	0
